id,Name,titleProject_id,class,score,username,password
0,Сербин Геннадий Михаилович,7,8в,2,Сербин_ГМ,ynm8FcHx
1,Папандина Клавдия Яковлевна,304,9в,5,Папандина_КЯ,f30VOURa
2,Белагина Галина Андреевна,396,9а,4,Белагина_ГА,mPd9Ffzl
3,Кижняева Анна Леонидовна,178,7и,2,Кижняева_АЛ,UOjQf4Av
4,Цывин Олег Яковлевич,446,7т,2,Цывин_ОЯ,gOjTvW85
5,Жидняева Ксения Эдуардовна,373,7х,4,Жидняева_КЭ,raxPavpH
6,Липковский Анатолий Иванович,144,10а,2,Липковский_АИ,iwGyjjdo
7,Меднова Наталья Богдановна,290,7и,5,Меднова_НБ,e0ax14Dy
8,Житихин Вячеслав Романович,141,9а,5,Житихин_ВР,3xbGdDsp
9,Шеврина Полина Максимовна,33,11а,5,Шеврина_ПМ,MTMzVqND
10,Алпеев Валентин Данилович,323,8а,2,Алпеев_ВД,2WwFXhVt
11,Золикова Клара Игоревна,364,10х,2,Золикова_КИ,ddUh6Rj3
12,Дориков Дмитрий Петрович,296,10г,5,Дориков_ДП,QMliHcU0
13,Корабышев Кирилл Михаилович,302,8и,5,Корабышев_КМ,mHnOvy1R
14,Ростовиков Константин Николаевич,336,10а,2,Ростовиков_КН,BeQOsIq1
15,Нехаев Дмитрий Фёдорович,129,7х,4,Нехаев_ДФ,0qbwJ2cF
16,Зызлова Мария Николаевна,430,8г,3,Зызлова_МН,uOUOLkCB
17,Королупов Валерий Тимофеевич,397,10д,5,Королупов_ВТ,bkKG7TYB
18,Стенцов Евгений Яковлевич,315,8и,4,Стенцов_ЕЯ,kGQDC17H
19,Феклисов Константин Виталиевич,270,9т,,Феклисов_КВ,VilpSgMH
20,Синелев Руслан Тимофеевич,300,8и,2,Синелев_РТ,tReIU1Bu
21,Опевалова Вера Евгеньевна,473,9д,5,Опевалова_ВЕ,pxAIABYf
22,Назерова Вероника Василевна,206,7б,5,Назерова_ВВ,4s6Baoi4
23,Дименская Светлана Дмитриевна,387,9д,5,Дименская_СД,MqsZgwUc
24,Ковторева Раиса Василевна,482,9и,2,Ковторева_РВ,yJ5YlQGA
25,Кулишнин Вячеслав Яковлевич,386,11х,5,Кулишнин_ВЯ,lt8MHixr
26,Лексин Кирилл Антонович,139,7в,5,Лексин_КА,YAJDuhAA
27,Лаковский Григорий Василиевич,240,7д,5,Лаковский_ГВ,YrySxibk
28,Барамыкова Александра Алексеевна,106,10а,3,Барамыкова_АА,mZsYHLwf
29,Плясулина Оксана Андреевна,346,8х,2,Плясулина_ОА,NnqYljoE
30,Петрикеев Станислав Яковлевич,14,7и,4,Петрикеев_СЯ,BW2bsm7l
31,Моторыгин Илья Георгиевич,238,10и,5,Моторыгин_ИГ,uwBQu4pc
32,Рыков Тарас Павлович,174,10и,5,Рыков_ТП,qU6Lg6Vg
33,Иончикова Елизавета Егоровна,169,8д,5,Иончикова_ЕЕ,QThUn3mk
34,Смолькина Алиса Егоровна,441,7г,5,Смолькина_АЕ,Bbbx5Ipk
35,Оболенин Герасим Павлович,472,7и,4,Оболенин_ГП,zNAw0c9J
36,Трощинский Георгий Борисович,67,9д,3,Трощинский_ГБ,f1qSDdu8
37,Поддубская Лиза Игоревна,496,10а,4,Поддубская_ЛИ,GFc2qIvD
38,Телькова Валерия Олеговна,335,7х,4,Телькова_ВО,71jBZlut
39,Чигварина Александра Алексеевна,428,10б,2,Чигварина_АА,KkUC5PyS
40,Киреевский Артур Игоревич,119,7в,3,Киреевский_АИ,ztF1yh7t
41,Шумейкин Роман Павлович,420,8в,5,Шумейкин_РП,uCNj4unl
42,Трушинов Максим Алексиевич,82,8и,4,Трушинов_МА,AYAMTub0
43,Голюков Денис Сергеевич,62,11б,4,Голюков_ДС,ZmG1KgSq
44,Хлиманкова Надежда Валерьевна,461,10б,3,Хлиманкова_НВ,CnJtRDui
45,Кулаженков Алексей Олегович,367,10в,2,Кулаженков_АО,hG1u8jjk
46,Бутукин Владимир Адамович,221,7х,5,Бутукин_ВА,shJZAoxx
47,Поддуев Леонид Олегович,149,9х,4,Поддуев_ЛО,S7JwBquN
48,Ревцев Василий Павлович,360,9х,5,Ревцев_ВП,ZxgtkWpR
49,Старокожев Артём Юрьевич,46,8д,3,Старокожев_АЮ,wh5L3rGA
50,Светошев Максим Михаилович,321,10х,2,Светошев_ММ,SMXlmLT1
51,Старынина Кристина Федоровна,266,9д,3,Старынина_КФ,XxboMNwO
52,Востров Дмитрий Денисович,282,9г,3,Востров_ДД,hhY5nEDC
53,Бураханова Анастасия Леонидовна,16,8г,2,Бураханова_АЛ,XCl6tJ0P
54,Понизов Виктор Кириллович,214,11и,5,Понизов_ВК,hPyoohwo
55,Суздалев Валерий Алексеевич,66,11т,5,Суздалев_ВА,JClZMOO5
56,Колендин Дмитрий Алексеевич,153,10в,4,Колендин_ДА,iSivpW8S
57,Сулькова Екатерина Андреевна,325,8и,4,Сулькова_ЕА,LQ30TGgw
58,Аржевитова Надежда Федоровна,242,10в,2,Аржевитова_НФ,vPITaebQ
59,Крассов Валерий Олегович,201,8х,5,Крассов_ВО,6EfX2b79
60,Сонураева Инна Андреевна,450,9т,3,Сонураева_ИА,2eV3cS11
61,Пашин Роман Вадимович,204,10д,2,Пашин_РВ,vq7UY52c
62,Фичкина Евгения Федоровна,29,11д,3,Фичкина_ЕФ,o5KKv4FE
63,Свилин Олег Виталиевич,123,8в,2,Свилин_ОВ,4bV39Lix
64,Рогоцкий Андрей Адамович,142,9в,2,Рогоцкий_АА,tvIMiSex
65,Ахантьев Игорь Валериевич,80,10д,5,Ахантьев_ИВ,92YaMl1P
66,Сочиникова Ксения Кирилловна,100,10д,2,Сочиникова_КК,algOb4bc
67,Остюков Артур Романович,329,11и,3,Остюков_АР,wu3e1SM6
68,Брюкина Оксана Викторовна,98,8в,5,Брюкина_ОВ,7iTD6dAD
69,Кузовенков Игорь Юрьевич,322,9г,,Кузовенков_ИЮ,UGlAO2aW
70,Калухов Тарас Иванович,207,11а,3,Калухов_ТИ,skxjoFvO
71,Батыров Пётр Виталиевич,227,7и,3,Батыров_ПВ,I4xnYgaL
72,Озрина Катерина Валерьевна,147,10а,4,Озрина_КВ,1p02kSaS
73,Декалова Полина Леонидовна,470,11д,5,Декалова_ПЛ,QQSAdvat
74,Лосицкий Владимир Кириллович,369,9т,5,Лосицкий_ВК,e2yyo8kH
75,Магнусов Пётр Максимович,437,7и,5,Магнусов_ПМ,MuPFVDTH
76,Лавренков Михаил Василиевич,188,9б,2,Лавренков_МВ,ROujcSeL
77,Шушкалова Вероника Алексеевна,411,8т,5,Шушкалова_ВА,LzrpmKzQ
78,Бороданова Маргарита Дмитриевна,118,7г,5,Бороданова_МД,KHoqoZTl
79,Циркина Виолетта Федоровна,231,9г,2,Циркина_ВФ,Ul3ZOPja
80,Болохина Екатерина Андреевна,194,11д,3,Болохина_ЕА,OJvg9ezJ
81,Чукалова Дарья Валерьевна,20,10г,4,Чукалова_ДВ,HC5IO3Q2
82,Беловолов Степан Петрович,222,9д,2,Беловолов_СП,vhDlEIaH
83,Зудейкина Вероника Ивановна,166,8и,3,Зудейкина_ВИ,Rh0ds9yN
84,Макунова Мария Борисовна,47,9в,5,Макунова_МБ,Ge23tdnX
85,Верзанский Геннадий Андреевич,497,7д,5,Верзанский_ГА,6baKf4Ok
86,Алтубин Ярослав Леонидович,414,10г,5,Алтубин_ЯЛ,ZBnrHQpz
87,Аузин Игорь Алексиевич,435,8х,5,Аузин_ИА,U81vCUOu
88,Калыгин Степан Тимофеевич,353,8и,2,Калыгин_СТ,PRALgju2
89,Дурныгина Полина Игоревна,72,8и,2,Дурныгина_ПИ,TaSH0CAy
90,Антюфеева Александра Вадимовна,347,8и,2,Антюфеева_АВ,f2scv4gJ
91,Лощинский Борис Романович,210,10б,3,Лощинский_БР,t84K6QjF
92,Ходорков Евгений Виталиевич,344,9г,5,Ходорков_ЕВ,L0T4uybp
93,Кафорин Федор Данилович,427,10д,3,Кафорин_ФД,N3VchVsB
94,Косынская Алиса Дмитриевна,40,9в,3,Косынская_АД,1AsOD0QY
95,Беремцев Артём Антонович,434,11т,2,Беремцев_АА,mIIyFNqd
96,Влянская Мария Андреевна,490,7т,4,Влянская_МА,FJrIqza6
97,Мыгеева Лиза Василевна,280,8в,5,Мыгеева_ЛВ,H2Pnqfx8
98,Акутникова Мария Алексеевна,173,11в,2,Акутникова_МА,qSmYeS4c
99,Карябкин Константин Максимович,89,7и,2,Карябкин_КМ,e7bggWsd
100,Прилепина Яна Максимовна,30,10в,5,Прилепина_ЯМ,Gv2k7LFu
101,Ведищев Никита Георгиевич,365,7и,5,Ведищев_НГ,z4SuWTPF
102,Самчева Вероника Борисовна,287,10г,3,Самчева_ВБ,bkjENov8
103,Пирцхалова Карина Леонидовна,452,10г,5,Пирцхалова_КЛ,R0q5RDed
104,Павлочев Денис Борисович,432,11д,5,Павлочев_ДБ,QwnjxyPD
105,Арашкова Екатерина Евгеньевна,356,8х,,Арашкова_ЕЕ,duCoiMEO
106,Байсарова Людмила Василевна,215,11и,2,Байсарова_ЛВ,Az1OsIxk
107,Кудекина Зинаида Игоревна,250,10и,3,Кудекина_ЗИ,FWOKnWvx
108,Дерналов Виталий Викторович,1,9г,4,Дерналов_ВВ,hG5o1TSx
109,Сазинова Галина Романовна,61,9и,3,Сазинова_ГР,RTAt2fTF
110,Остаченова Марина Эдуардовна,229,9т,5,Остаченова_МЭ,aEdELVoc
111,Битюкова Яна Егоровна,488,9и,4,Битюкова_ЯЕ,8KnPQo8n
112,Иваницкий Константин Борисович,232,8д,5,Иваницкий_КБ,NoMC1gr2
113,Белянский Владислав Игоревич,74,11б,5,Белянский_ВИ,MMTIY33w
114,Баранкин Артём Алексеевич,382,9т,2,Баранкин_АА,FkZYecYl
115,Шкабанова Софья Вадимовна,499,9х,4,Шкабанова_СВ,9DBHpW3m
116,Полозлов Денис Адамович,155,8т,3,Полозлов_ДА,7vDJcbuy
117,Жунина Светлана Михайловна,162,8в,3,Жунина_СМ,IDGVJjhl
118,Пантыкин Борис Игоревич,245,9х,2,Пантыкин_БИ,RnEy1MJ8
119,Доутова Марина Богдановна,189,11х,2,Доутова_МБ,k0y85Thi
120,Трещалова Яна Андреевна,330,8б,3,Трещалова_ЯА,iZLveIt1
121,Ивашечкин Александр Данилович,390,10т,4,Ивашечкин_АД,NxziBTL7
122,Мазьянова Инна Богдановна,416,11в,4,Мазьянова_ИБ,0XtLvsUx
123,Корогев Николай Евгеньевич,184,8б,5,Корогев_НЕ,znTBrx2v
124,Заидова Галина Максимовна,88,9т,4,Заидова_ГМ,lE8SBIjl
125,Рамхин Кирилл Алексиевич,459,9х,4,Рамхин_КА,wnBNxiZB
126,Кизбабаев Эдуард Фёдорович,415,11т,2,Кизбабаев_ЭФ,6x5fcmvM
127,Соурчаков Ярослав Валериевич,268,8б,2,Соурчаков_ЯВ,yDiC8l4J
128,Мотяшева Алена Михайловна,404,7т,2,Мотяшева_АМ,9e1BfwGr
129,Горшкова Наталия Яковлевна,340,11а,2,Горшкова_НЯ,O4ZZcMQU
130,Зябрицкий Игорь Виталиевич,332,7а,5,Зябрицкий_ИВ,7rl6Xs5o
131,Шельдяев Игорь Юриевич,97,7д,5,Шельдяев_ИЮ,7O8uHqhR
132,Шмелькин Максим Викторович,483,9т,5,Шмелькин_МВ,1kc0dujn
133,Жалкин Алексей Алексеевич,43,7а,3,Жалкин_АА,E3ovTZhN
134,Худасов Денис Максимович,70,10д,2,Худасов_ДМ,0oD92ob4
135,Швичкова Наталья Эдуардовна,398,7г,4,Швичкова_НЭ,godn06yC
136,Едская Жанна Валерьевна,436,11в,4,Едская_ЖВ,8JuUMrcb
137,Поморзина Полина Евгеньевна,122,7д,4,Поморзина_ПЕ,KO5tpzKY
138,Будачева Кира Олеговна,55,11х,4,Будачева_КО,5b9Hs5Xz
139,Молкаев Василий Валериевич,216,8д,2,Молкаев_ВВ,vs7cgs01
140,Яцынин Константин Тимофеевич,285,7г,2,Яцынин_КТ,c7TSMr3g
141,Маховиков Василий Петрович,391,7х,4,Маховиков_ВП,NrxyrZkf
142,Шаметова Евгения Вадимовна,463,7а,2,Шаметова_ЕВ,M6TOnqQn
143,Законнова Жанна Евгеньевна,442,11и,,Законнова_ЖЕ,ZzrW9EJO
144,Перчихин Аркадий Тимофеевич,164,10т,3,Перчихин_АТ,eY7q5sgx
145,Бурдасова Ксения Игоревна,203,9а,3,Бурдасова_КИ,6xIKEMoY
146,Киссин Степан Иванович,251,7х,5,Киссин_СИ,4QeSLz2b
147,Вапилина Мария Егоровна,77,7д,2,Вапилина_МЕ,uUSEcwjm
148,Сигутина Дарья Федоровна,458,7б,2,Сигутина_ДФ,gCInuS1u
149,Сошьяков Альберт Фёдорович,17,7т,4,Сошьяков_АФ,YWp7lcIW
150,Лугахина Клара Вадимовна,419,8в,4,Лугахина_КВ,1WF7N1gw
151,Логецкий Анатолий Виталиевич,372,11б,4,Логецкий_АВ,8oEUqbvB
152,Ковайкова Юлия Егоровна,75,10г,2,Ковайкова_ЮЕ,hEWqPYdF
153,Вермутский Валерий Петрович,447,9и,5,Вермутский_ВП,FqfGYOPE
154,Россомахов Олег Юриевич,56,8в,2,Россомахов_ОЮ,j0nH4udR
155,Циплакова Екатерина Егоровна,471,9б,5,Циплакова_ЕЕ,UytmxRov
156,Квятцева Алла Никитична,138,11в,2,Квятцева_АН,bUT3fVIw
157,Выхухолева Лариса Василевна,384,8б,5,Выхухолева_ЛВ,HKC5KcTY
158,Целохов Андрей Вадимович,433,8и,5,Целохов_АВ,VRaBEdUB
159,Бендин Иван Яковлевич,71,8и,4,Бендин_ИЯ,O2L94kCe
160,Лазученков Василий Алексеевич,381,7х,2,Лазученков_ВА,sm4hdX9B
161,Скоропухов Михаил Василиевич,69,10и,3,Скоропухов_МВ,QTqP6rnd
162,Мухонкин Тарас Романович,126,9и,4,Мухонкин_ТР,xdMGF3Uh
163,Камерцев Владимир Кириллович,303,7а,3,Камерцев_ВК,2Ec6ILHe
164,Сандрыкина Анна Олеговна,324,10т,2,Сандрыкина_АО,SpL22Ee2
165,Недбайлов Алексей Денисович,15,7т,2,Недбайлов_АД,4ZfpruhY
166,Серпков Ярослав Георгиевич,380,10б,4,Серпков_ЯГ,f5oNxABe
167,Хатшуклов Аркадий Николаевич,42,11т,4,Хатшуклов_АН,872Uf3Da
168,Литвалиева Алиса Егоровна,10,11и,3,Литвалиева_АЕ,Np10jsx7
169,Енесина Лиза Валерьевна,293,9б,5,Енесина_ЛВ,DAXKyrsm
170,Пикальков Эдуард Алексиевич,21,8д,5,Пикальков_ЭА,MjbUk6Iz
171,Сачинский Валентин Кириллович,125,10т,2,Сачинский_ВК,EItw7oxi
172,Тарзанова Евгения Аркадьевна,96,9д,2,Тарзанова_ЕА,Aiq3Urn1
173,Лапундин Юрий Игоревич,267,8и,5,Лапундин_ЮИ,hcmmphKL
174,Личева Лиза Михайловна,453,9б,3,Личева_ЛМ,RPDYz9iK
175,Смароверов Яков Борисович,131,11в,4,Смароверов_ЯБ,94OyfobY
176,Вереина Алла Василевна,295,10и,3,Вереина_АВ,jkD29YI4
177,Погиблева Дарья Леонидовна,283,9в,5,Погиблева_ДЛ,kvAGAuLr
178,Байнова Анастасия Вадимовна,363,7б,3,Байнова_АВ,WpEZOzfC
179,Шиловский Вячеслав Максимович,438,9и,4,Шиловский_ВМ,ChUtPu5A
180,Сыждиков Пётр Василиевич,494,11х,5,Сыждиков_ПВ,9kWRKvGz
181,Каценова Алёна Эдуардовна,165,11т,2,Каценова_АЭ,HFDPVmnr
182,Мужицких Ева Олеговна,348,8х,3,Мужицких_ЕО,TAI3gqlG
183,Плеснецов Степан Юрьевич,22,10а,2,Плеснецов_СЮ,kFtGQEfU
184,Игумнова Алёна Сергеевна,114,9д,4,Игумнова_АС,fqk8fYKE
185,Хадаров Владимир Валериевич,278,11т,5,Хадаров_ВВ,v4l9knNu
186,Ступакова Кира Ивановна,421,8и,3,Ступакова_КИ,0G6eFkCE
187,Шоленинов Федор Максимович,286,11т,4,Шоленинов_ФМ,yrTJnbrR
188,Гундаров Руслан Николаевич,158,9д,4,Гундаров_РН,Y8fztKEw
189,Гречишева Марина Андреевна,464,7д,2,Гречишева_МА,QOuTSUHB
190,Утилова Алена Андреевна,253,11д,3,Утилова_АА,f1txLnGV
191,Роткичева Алиса Максимовна,410,10а,4,Роткичева_АМ,nuI8FYyD
192,Колтышева Марина Вадимовна,87,11г,4,Колтышева_МВ,90JeUAbC
193,Гурычева Лариса Валерьевна,489,9б,2,Гурычева_ЛВ,2aOeAWM4
194,Горцева Кристина Никитична,246,8и,4,Горцева_КН,RDjKNrUe
195,Кутурин Геннадий Денисович,197,9в,2,Кутурин_ГД,hA0FdSX2
196,Стефанков Яков Евгеньевич,318,10г,3,Стефанков_ЯЕ,gWo4R7rf
197,Множина Людмила Василевна,90,8б,2,Множина_ЛВ,xea4Pexn
198,Семисалов Георгий Иванович,316,9в,3,Семисалов_ГИ,lchriut4
199,Рогалов Альберт Валериевич,327,9б,2,Рогалов_АВ,4xZsqnnW
200,Черетаева Анастасия Олеговна,341,9б,2,Черетаева_АО,sObgsjA0
201,Радоминова Любовь Игоревна,25,9и,5,Радоминова_ЛИ,q74AgCOH
202,Шувырина Лиза Андреевна,395,9а,5,Шувырина_ЛА,Upd6wzlV
203,Калиженков Семён Алексеевич,401,11а,4,Калиженков_СА,zULczlZF
204,Старокашин Константин Петрович,309,10а,3,Старокашин_КП,Ci2uYvWw
205,Малтоцов Аркадий Яковлевич,218,8а,3,Малтоцов_АЯ,aQAekDAM
206,Кузеванова Ева Егоровна,116,7д,2,Кузеванова_ЕЕ,TvuMkCzf
207,Нурулина Алёна Егоровна,284,9х,2,Нурулина_АЕ,SWQXS59n
208,Лератов Герасим Сергеевич,374,10а,4,Лератов_ГС,YrZXj4Me
209,Людин Руслан Аркадиевич,498,7и,3,Людин_РА,A5AA1CNZ
210,Пурин Виктор Данилович,154,8и,5,Пурин_ВД,ASr4T4qt
211,Лютов Виктор Юрьевич,288,11г,2,Лютов_ВЮ,XSkGJDan
212,Марюшкина Яна Федоровна,345,10д,5,Марюшкина_ЯФ,kKqg2ta4
213,Томилова Кристина Михайловна,492,11б,3,Томилова_КМ,klfpYwYR
214,Дистерев Валерий Валериевич,24,7г,3,Дистерев_ВВ,6uZ3yypS
215,Дочкин Геннадий Алексиевич,52,11и,5,Дочкин_ГА,qd4sA6Rm
216,Иняхин Руслан Сергеевич,234,7и,5,Иняхин_РС,l2StITuB
217,Знайкова Раиса Егоровна,148,11х,3,Знайкова_РЕ,MhxQDyGW
218,Кашавцев Аркадий Леонидович,58,7а,4,Кашавцев_АЛ,3Lfzn6ue
219,Пятернина Кристина Андреевна,445,7и,2,Пятернина_КА,abux4IO1
220,Гусеева Карина Викторовна,263,9и,2,Гусеева_КВ,cZ9E1Vb8
221,Кастева Яна Сергеевна,108,7и,2,Кастева_ЯС,rPjId55D
222,Гришанин Тарас Павлович,113,10т,2,Гришанин_ТП,lmWgbtJj
223,Грамоткин Илья Викторович,195,8д,5,Грамоткин_ИВ,ms14EZRR
224,Мелисин Геннадий Василиевич,465,10г,2,Мелисин_ГВ,JfFEZ7oc
225,Цинина Светлана Яковлевна,105,11г,5,Цинина_СЯ,fZCSc1Wb
226,Петов Георгий Адамович,57,9а,2,Петов_ГА,lLHutKWA
227,Реева Валентина Максимовна,146,11и,5,Реева_ВМ,wdhj5nM8
228,Слесивых Мария Аркадьевна,35,7и,5,Слесивых_МА,aZUFNYOO
229,Афтаева Полина Ивановна,193,10д,5,Афтаева_ПИ,hJ5jophK
230,Кривицкий Валентин Виталиевич,208,8х,5,Кривицкий_ВВ,3KaTrKWK
231,Чубатов Константин Леонидович,279,11а,4,Чубатов_КЛ,UhBRWQdF
232,Партенков Геннадий Павлович,418,8х,3,Партенков_ГП,F2dTfVd9
233,Черушев Григорий Борисович,84,7г,4,Черушев_ГБ,HD5Pg5fl
234,Тютекин Георгий Тимофеевич,262,7а,2,Тютекин_ГТ,7h0Ido9d
235,Янкевский Вячеслав Адамович,167,11г,4,Янкевский_ВА,FFEfQOmV
236,Сухручкина Клавдия Аркадьевна,177,7в,4,Сухручкина_КА,c7slX0jk
237,Конофалова Клара Петровна,95,11д,5,Конофалова_КП,aX3Zc97O
238,Лигасов Михаил Павлович,491,11г,4,Лигасов_МП,4ouea78t
239,Писарьков Альберт Игоревич,313,8в,4,Писарьков_АИ,w8rCgseC
240,Варов Кирилл Иванович,28,8а,5,Варов_КИ,NRE0ICPb
241,Пурынов Евгений Петрович,244,9и,3,Пурынов_ЕП,oLzmj3WG
242,Супрутская Вероника Викторовна,187,9а,2,Супрутская_ВВ,lN8lecR9
243,Скроцкая Алина Федоровна,127,8г,3,Скроцкая_АФ,ne4kkfwb
244,Барадулин Вадим Юрьевич,281,11х,3,Барадулин_ВЮ,DVYFTO9j
245,Точилин Дмитрий Фёдорович,476,8а,2,Точилин_ДФ,Cz4s7WSX
246,Бикмуллин Руслан Валериевич,333,11т,2,Бикмуллин_РВ,dX14YdiN
247,Серпичев Василий Алексиевич,394,10х,5,Серпичев_ВА,E5DFOSqA
248,Вострышев Яков Аркадиевич,343,8г,5,Вострышев_ЯА,ZpbssJX7
249,Грушчева София Евгеньевна,480,11в,,Грушчева_СЕ,ZPYZpQYQ
250,Кулапов Александр Юрьевич,109,9б,5,Кулапов_АЮ,NXvWkjV1
251,Чибисенков Владислав Фёдорович,375,8х,3,Чибисенков_ВФ,GeI40Mop
252,Утилов Роман Василиевич,254,9х,2,Утилов_РВ,Xm7qJc0Q
253,Татаурова Галина Федоровна,145,10т,4,Татаурова_ГФ,nWVkyIRT
254,Визавитина Наталия Леонидовна,101,10г,2,Визавитина_НЛ,Q5LMrnMx
255,Мягченков Артём Денисович,115,7б,4,Мягченков_АД,1LafT7sF
256,Брикова Инна Богдановна,256,9б,4,Брикова_ИБ,lQWtdcnM
257,Наторкин Валентин Данилович,319,7и,2,Наторкин_ВД,KZH7S0CC
258,Эштрекова Софья Алексеевна,76,9в,3,Эштрекова_СА,OXRBoMwN
259,Кутаманова Кира Андреевна,182,10т,2,Кутаманова_КА,L5F7aKs8
260,Кыштымова Евгения Эдуардовна,255,8в,5,Кыштымова_ЕЭ,28d331wY
261,Ккнязева Клавдия Дмитриевна,34,7б,5,Ккнязева_КД,bsiIc3jJ
262,Глаголина Алиса Никитична,249,9д,2,Глаголина_АН,hyzMmobD
263,Рисина Раиса Валерьевна,451,10а,4,Рисина_РВ,0vnCphyt
264,Ребров Алексей Георгиевич,289,8и,3,Ребров_АГ,D7oOe7aY
265,Вырысалова Александра Евгеньевна,39,11и,2,Вырысалова_АЕ,e3PQbEbn
266,Гомольский Владимир Юриевич,314,11х,5,Гомольский_ВЮ,mRdbdejI
267,Швинова Марина Федоровна,271,8г,5,Швинова_МФ,ZL6hU2eU
268,Рудковская Инна Дмитриевна,6,7т,3,Рудковская_ИД,sp1Eah4j
269,Решеткина Дарья Василевна,408,10и,3,Решеткина_ДВ,5vCQIwo7
270,Евстихеев Игорь Василиевич,422,10х,5,Евстихеев_ИВ,9WUTeayi
271,Лазарина Алёна Федоровна,161,8б,3,Лазарина_АФ,xsiitRN7
272,Гляченков Григорий Николаевич,431,10а,5,Гляченков_ГН,WP8PQzoE
273,Чардынцева Алина Вадимовна,135,10д,3,Чардынцева_АВ,NNb3XCcS
274,Скаредов Яков Иванович,337,9т,5,Скаредов_ЯИ,V7qs3IcA
275,Юрицкий Эдуард Денисович,192,7д,3,Юрицкий_ЭД,wgg9DXGV
276,Кравчина Светлана Аркадьевна,413,11г,5,Кравчина_СА,5ldIzkEv
277,Чмареткова Полина Вадимовна,449,10а,2,Чмареткова_ПВ,8QkIsNPU
278,Углова Галина Романовна,260,9г,3,Углова_ГР,Cqa5s934
279,Згуровская Виктория Андреевна,220,9т,4,Згуровская_ВА,3MgblPWH
280,Секерский Станислав Сергеевич,235,10а,4,Секерский_СС,JdH8uI8m
281,Жевайкин Евгений Адамович,86,11г,3,Жевайкин_ЕА,TKJ5wreK
282,Коточигов Семён Игоревич,26,9д,5,Коточигов_СИ,F4AJi3HU
283,Калонин Альберт Денисович,297,8б,2,Калонин_АД,1Ez3jljg
284,Валягин Григорий Антонович,94,10в,4,Валягин_ГА,ridPpcvV
285,Коцева Кристина Николаевна,412,9г,3,Коцева_КН,xANMfXqv
286,Голина Кристина Максимовна,3,7х,3,Голина_КМ,0A4MzPhc
287,Батрамеев Анатолий Романович,354,9х,3,Батрамеев_АР,nBtnzACO
288,Чикмарев Валентин Валериевич,306,9и,5,Чикмарев_ВВ,0j6VoviJ
289,Киницына Валерия Олеговна,202,7х,4,Киницына_ВО,EVMhnerh
290,Числин Юрий Денисович,121,7в,2,Числин_ЮД,l4rBEANb
291,Стебунова Юлия Романовна,358,9т,3,Стебунова_ЮР,9hilf34u
292,Кацов Павел Павлович,236,10г,5,Кацов_ПП,r00KbJ5t
293,Гоцев Тарас Викторович,41,8в,3,Гоцев_ТВ,3ZSXUTmf
294,Мотовицкий Роман Аркадиевич,31,11и,5,Мотовицкий_РА,SGxKdbci
295,Чурзина Клара Егоровна,308,10б,3,Чурзина_КЕ,qtPTNn8d
296,Щепалкина Валерия Сергеевна,134,9б,4,Щепалкина_ВС,u3T2f4R2
297,Утимишев Ярослав Игоревич,239,11а,3,Утимишев_ЯИ,7Kt9y3Fi
298,Алуханов Кирилл Фёдорович,298,7т,2,Алуханов_КФ,TLffuqwP
299,Полунеев Валентин Валериевич,307,8и,2,Полунеев_ВВ,orf4usb9
300,Крупенова Наталия Андреевна,209,7в,5,Крупенова_НА,Sh9ReVaz
301,Корнюшин Илья Юрьевич,44,10т,3,Корнюшин_ИЮ,Mw5Vqol9
302,Паушева Виолетта Никитична,310,8г,4,Паушева_ВН,1KuzE8od
303,Берзин Герасим Антонович,349,11т,5,Берзин_ГА,au6b5YD2
304,Шулунова Алла Алексеевна,54,7д,4,Шулунова_АА,WIIRYOKu
305,Трепашова София Яковлевна,399,11а,2,Трепашова_СЯ,QJKyKSwu
306,Чумейкин Константин Антонович,8,8б,5,Чумейкин_КА,VqNChBya
307,Польшиков Денис Игоревич,495,9и,2,Польшиков_ДИ,WqKRwX3H
308,Медоусова Жанна Романовна,252,7б,2,Медоусова_ЖР,uvRUjt33
309,Акуратова Клавдия Андреевна,92,9г,5,Акуратова_КА,Ox49DMjm
310,Курмеева Елизавета Валерьевна,486,8а,5,Курмеева_ЕВ,kDQ1qTxd
311,Бадов Александр Аркадиевич,217,10г,3,Бадов_АА,olvOETfq
312,Бакушин Эдуард Адамович,265,7б,5,Бакушин_ЭА,rZlzmbBc
313,Чебина Инна Сергеевна,273,10т,2,Чебина_ИС,2W0ESsgu
314,Подледнова Наталья Ивановна,112,11и,3,Подледнова_НИ,41cBZjI2
315,Садгеева Лиза Евгеньевна,460,11г,3,Садгеева_ЛЕ,NQKgt0xx
316,Акушин Борис Павлович,493,9т,2,Акушин_БП,Fe69U8IZ
317,Аришев Руслан Кириллович,379,10т,3,Аришев_РК,jJeKINWc
318,Гуслова Кристина Олеговна,389,9в,2,Гуслова_КО,bIq4dU2x
319,Глоточкина Оксана Аркадьевна,370,9и,5,Глоточкина_ОА,CeMwkwIN
320,Шапина Маргарита Романовна,163,8б,5,Шапина_МР,5nimdTGz
321,Дурылин Георгий Валериевич,261,11т,4,Дурылин_ГВ,basVihkI
322,Болкисева Анна Викторовна,248,7х,4,Болкисева_АВ,Rf2Za2ht
323,Багапов Вячеслав Сергеевич,99,7д,4,Багапов_ВС,SxCgadzp
324,Люцарева Яна Аркадьевна,376,11б,2,Люцарева_ЯА,ippzju0c
325,Боготынина София Егоровна,63,11б,5,Боготынина_СЕ,vgq9W0eQ
326,Саюшкин Игорь Алексиевич,211,11х,5,Саюшкин_ИА,ung17skh
327,Потешных Тамара Николаевна,468,11в,3,Потешных_ТН,uzuJu4fP
328,Незлина Жанна Василевна,426,8б,5,Незлина_ЖВ,1tGHQjam
329,Федичева Вероника Кирилловна,37,7х,4,Федичева_ВК,qPTLpxmS
330,Пустынкин Вадим Антонович,388,10в,5,Пустынкин_ВА,45F5VJ4z
331,Аринакова Ирина Михайловна,150,8в,5,Аринакова_ИМ,zLjuzfvQ
332,Обиралкова Мария Егоровна,294,11т,5,Обиралкова_МЕ,G1b838Ae
333,Аристарова Валентина Максимовна,443,11г,2,Аристарова_ВМ,aCuFuHDW
334,Яуров Герасим Юрьевич,38,9а,5,Яуров_ГЮ,1P3dtMET
335,Духонькин Вячеслав Фёдорович,2,9в,4,Духонькин_ВФ,iXYkSp5d
336,Гвасков Евгений Михаилович,402,9в,5,Гвасков_ЕМ,cjIa06YU
337,Жабынина Галина Николаевна,185,7х,5,Жабынина_ГН,vRX4urlG
338,Шерюкова Виолетта Романовна,440,9б,4,Шерюкова_ВР,thgaJzFk
339,Колокатов Пётр Евгеньевич,484,10в,3,Колокатов_ПЕ,tqcIq24s
340,Шайдуков Андрей Михаилович,317,9и,4,Шайдуков_АМ,0g746ijJ
341,Смирнягина Дарья Игоревна,425,10в,4,Смирнягина_ДИ,fA223Ht7
342,Штырева Ева Олеговна,258,11и,2,Штырева_ЕО,fC2m63k6
343,Ашукин Вячеслав Михаилович,191,10т,4,Ашукин_ВМ,hq2VWsOb
344,Рубченкова Галина Алексеевна,190,9в,3,Рубченкова_ГА,9wgkDQQu
345,Зархин Иван Алексиевич,478,11и,5,Зархин_ИА,HECtyw2a
346,Адиотов Дмитрий Павлович,156,7б,3,Адиотов_ДП,etefAa9j
347,Тищенкова Раиса Валерьевна,79,7д,3,Тищенкова_РВ,OsxqUat8
348,Лозеев Илья Петрович,205,10д,2,Лозеев_ИП,RlLh2fW4
349,Кобяшов Герасим Михаилович,305,11т,2,Кобяшов_ГМ,qkSMcz3T
350,Ронова Клавдия Валерьевна,107,7и,4,Ронова_КВ,idL60Ii4
351,Стрижнов Алексей Евгеньевич,385,11г,3,Стрижнов_АЕ,rgKdEjt8
352,Волынский Алексей Виталиевич,362,11т,5,Волынский_АВ,dbjY0qu5
353,Машонский Василий Данилович,23,9д,5,Машонский_ВД,DLtbzO6I
354,Буриева Зинаида Аркадьевна,104,11д,4,Буриева_ЗА,TXVXHArg
355,Борщина Алёна Ивановна,377,11а,5,Борщина_АИ,JxZvMCSz
356,Белчков Олег Иванович,275,10а,4,Белчков_ОИ,AudxOlzK
357,Остропиков Альберт Данилович,157,8г,2,Остропиков_АД,AFsCVbdH
358,Оргонова Любовь Максимовна,264,7б,4,Оргонова_ЛМ,ggAaWakU
359,Мальков Юрий Евгеньевич,228,7г,3,Мальков_ЮЕ,FUQM09qO
360,Свльхова Наталья Вадимовна,160,9т,5,Свльхова_НВ,w4dl7Jat
361,Мякушков Герасим Леонидович,102,10т,3,Мякушков_ГЛ,oWo62lNS
362,Межуев Георгий Юриевич,355,8г,4,Межуев_ГЮ,sSSdeihY
363,Чериншев Александр Сергеевич,439,8а,2,Чериншев_АС,54Jwds0k
364,Муниров Алексей Андреевич,117,11г,3,Муниров_АА,HJu0dIpC
365,Климухин Руслан Романович,269,10в,3,Климухин_РР,Z4y3F9IS
366,Дембская Екатерина Никитична,64,11б,4,Дембская_ЕН,4jW2SfZW
367,Тюнеев Яков Фёдорович,417,10т,2,Тюнеев_ЯФ,dpJxt1Qz
368,Трушитин Антон Данилович,168,9х,3,Трушитин_АД,8bnzdV5R
369,Балакишиев Роман Алексиевич,143,11х,5,Балакишиев_РА,t7sZc12L
370,Немтюрева Валерия Аркадьевна,12,10г,4,Немтюрева_ВА,stGLbKKY
371,Складанова Клавдия Аркадьевна,257,9а,3,Складанова_КА,wZ0tJKF2
372,Заходина Полина Леонидовна,93,10д,4,Заходина_ПЛ,VAccg4w0
373,Муринов Анатолий Борисович,171,11б,5,Муринов_АБ,WkZp2ZsK
374,Гришалова Любовь Евгеньевна,301,8т,3,Гришалова_ЛЕ,bSk9onlY
375,Ситчихин Станислав Георгиевич,247,8т,5,Ситчихин_СГ,GZiWJOdw
376,Просяных Георгий Василиевич,366,9в,2,Просяных_ГВ,v83hbHkK
377,Дзабиев Григорий Георгиевич,259,11д,5,Дзабиев_ГГ,O81878uW
378,Рыбаулин Григорий Алексеевич,140,11а,5,Рыбаулин_ГА,XtVYAFH6
379,Тупиева Екатерина Ивановна,400,7д,2,Тупиева_ЕИ,NNo5EQSD
380,Куверчева Алена Ивановна,170,10д,3,Куверчева_АИ,06ozBVGM
381,Цаблинова Виктория Богдановна,342,9г,4,Цаблинова_ВБ,QkglHcRf
382,Синенков Григорий Леонидович,230,9в,5,Синенков_ГЛ,w5DWti0E
383,Лизункин Артур Олегович,4,11в,5,Лизункин_АО,FZr6Fo3w
384,Славущева Александра Эдуардовна,81,8а,5,Славущева_АЭ,iyQDy7cU
385,Шахвердов Дмитрий Антонович,132,11б,2,Шахвердов_ДА,36owD6bk
386,Рапацкая Ольга Ивановна,223,10г,3,Рапацкая_ОИ,gsuiLQbt
387,Сторокожев Виталий Аркадиевич,159,9б,2,Сторокожев_ВА,q1eTCpyK
388,Половодов Кирилл Николаевич,18,8т,5,Половодов_КН,It6Ug1tc
389,Халтанова Алена Дмитриевна,49,8б,3,Халтанова_АД,fl0nn6D0
390,Заложнев Роман Фёдорович,448,8в,4,Заложнев_РФ,uVlM4W2z
391,Рыжих Кристина Аркадьевна,213,7а,4,Рыжих_КА,p3B7hknp
392,Буров Руслан Игоревич,405,11и,5,Буров_РИ,CgIiCXm1
393,Гачков Виталий Евгеньевич,277,9т,4,Гачков_ВЕ,Qh1Tm5kw
394,Кадилов Геннадий Борисович,225,10в,3,Кадилов_ГБ,FC0szERX
395,Гликина Алёна Эдуардовна,454,9б,3,Гликина_АЭ,QNV1mSVc
396,Ичкинина Любовь Андреевна,299,8г,5,Ичкинина_ЛА,5zRflOKg
397,Мозшорина Кира Дмитриевна,65,8б,3,Мозшорина_КД,fE05YmmY
398,Брижеватов Константин Борисович,152,11т,2,Брижеватов_КБ,HkRjx5Uk
399,Бучеров Тарас Викторович,429,10д,4,Бучеров_ТВ,zrjBNEDx
400,Мисютина Валерия Эдуардовна,368,9г,2,Мисютина_ВЭ,We1HeZqr
401,Льянов Федор Вадимович,328,8а,4,Льянов_ФВ,ri9tYCdz
402,Щуркин Георгий Яковлевич,180,8в,4,Щуркин_ГЯ,dQpZoF4d
403,Акулин Федор Адамович,241,10г,4,Акулин_ФА,cyRqcwPb
404,Волженкова Екатерина Ивановна,233,9д,4,Волженкова_ЕИ,CSUyA3MZ
405,Махометова София Викторовна,424,8и,3,Махометова_СВ,MOd88Alg
406,Зызлов Геннадий Антонович,274,7в,3,Зызлов_ГА,KzieoWY7
407,Девляшова Кира Олеговна,51,11д,5,Девляшова_КО,Y7XG9lhe
408,Яковкина Алена Никитична,320,9т,5,Яковкина_АН,9guBROvN
409,Бузулев Вадим Николаевич,331,10д,3,Бузулев_ВН,b293eeyF
410,Ганельский Юрий Юриевич,474,9д,3,Ганельский_ЮЮ,oKe1IZhf
411,Шкапрова Ева Ивановна,371,7б,5,Шкапрова_ЕИ,8GiQ7Ytd
412,Чичирин Владимир Георгиевич,11,10а,4,Чичирин_ВГ,PtyWhEPN
413,Шилова Надежда Викторовна,124,9б,2,Шилова_НВ,Cfp1BVnx
414,Коваев Руслан Михаилович,487,9т,3,Коваев_РМ,iZsTYsvp
415,Саверина Надежда Андреевна,407,11б,4,Саверина_НА,Ykmb1m27
416,Тишанкин Олег Адамович,334,9д,3,Тишанкин_ОА,12MiS42F
417,Широпаев Валерий Сергеевич,406,9б,2,Широпаев_ВС,PfXhhqzA
418,Щепанин Олег Адамович,226,7а,3,Щепанин_ОА,FyyuCKMU
419,Оплетин Владислав Аркадиевич,361,10х,4,Оплетин_ВА,2iB9P1Nc
420,Оденова Карина Андреевна,409,8и,4,Оденова_КА,Lp3i6aMm
421,Семагин Альберт Андреевич,456,10х,4,Семагин_АА,MwP6Icci
422,Черданцева Анастасия Олеговна,128,8х,3,Черданцева_АО,t1itOdHJ
423,Лонцова Елизавета Эдуардовна,224,7х,3,Лонцова_ЕЭ,wsEjJ4Ue
424,Сарсекеева Алёна Никитична,462,11и,4,Сарсекеева_АН,WMKozFlo
425,Аковецкий Антон Евгеньевич,500,8б,4,Аковецкий_АЕ,HLj8IFbO
426,Аратский Станислав Борисович,351,9и,2,Аратский_СБ,tEitsHUN
427,Чужриков Пётр Денисович,200,9в,3,Чужриков_ПД,jbpJTPqu
428,Никитшин Алексей Кириллович,111,11и,3,Никитшин_АК,oNV5wKf5
429,Симендяев Василий Алексиевич,45,8д,4,Симендяев_ВА,JPpB7Fwh
430,Ошитков Максим Сергеевич,151,10г,4,Ошитков_МС,WdNxBRUp
431,Юрасов Евгений Романович,338,9и,3,Юрасов_ЕР,k8pvx3zo
432,Головяшин Павел Юриевич,179,7г,5,Головяшин_ПЮ,mvUlMDwo
433,Манжурина Екатерина Сергеевна,219,7т,3,Манжурина_ЕС,GFWLJsNW
434,Никурашин Олег Евгеньевич,291,11х,2,Никурашин_ОЕ,uvKVtLhF
435,Бехтерев Федор Вадимович,137,9х,3,Бехтерев_ФВ,K1WKDAjM
436,Годлевская Катерина Дмитриевна,403,11г,3,Годлевская_КД,CB5Hx9YJ
437,Акиярова Алина Эдуардовна,9,11а,4,Акиярова_АЭ,MOKBwUcN
438,Милина Алена Петровна,359,8г,3,Милина_АП,Tfrt9Vjl
439,Воловин Борис Викторович,350,7т,2,Воловин_БВ,bcEbYGof
440,Туморина Ксения Федоровна,133,8б,5,Туморина_КФ,Cv5GYSnM
441,Желейков Вячеслав Яковлевич,199,8г,3,Желейков_ВЯ,gZaojToe
442,Шишорнина Екатерина Алексеевна,183,8т,3,Шишорнина_ЕА,7gbzLTzO
443,Юумогулова Виолетта Игоревна,311,10х,3,Юумогулова_ВИ,oZVn4wm9
444,Рецков Денис Денисович,85,10д,2,Рецков_ДД,0xkXDQAB
445,Химунина Елизавета Ивановна,392,7д,2,Химунина_ЕИ,INc9Jz4V
446,Кобрянов Александр Алексиевич,455,7т,2,Кобрянов_АА,JbX3iKAK
447,Бирылов Тарас Данилович,243,11а,3,Бирылов_ТД,rsRRA2ZG
448,Туфатулин Ярослав Леонидович,485,8х,4,Туфатулин_ЯЛ,9NsWXg9M
449,Долбишев Николай Аркадиевич,292,10б,5,Долбишев_НА,0vLQ6LBi
450,Махтумова Алёна Эдуардовна,186,10б,4,Махтумова_АЭ,8QFBz6Cb
451,Нарзаркин Алексей Романович,423,10т,2,Нарзаркин_АР,PSvZ26yy
452,Куранина Алена Леонидовна,196,9б,4,Куранина_АЛ,Xgdii6Bb
453,Ситюков Аркадий Евгеньевич,32,10в,3,Ситюков_АЕ,QNJHRZEj
454,Мизюрова Алиса Никитична,176,7г,4,Мизюрова_АН,DhWU0SPL
455,Пандурова Алиса Дмитриевна,130,9б,2,Пандурова_АД,aW1WJYdY
456,Жилейкин Борис Тимофеевич,91,7в,2,Жилейкин_БТ,nTotjQS8
457,Корпункова Виолетта Сергеевна,83,11а,3,Корпункова_ВС,4H9sideZ
458,Пашохонова Анастасия Федоровна,467,9в,4,Пашохонова_АФ,VhYX68SX
459,Сузальцева Тамара Михайловна,357,8х,4,Сузальцева_ТМ,pCJA0p5j
460,Чиличкина Светлана Яковлевна,5,8в,5,Чиличкина_СЯ,7X4FMm97
461,Шантыкова Карина Максимовна,198,10д,3,Шантыкова_КМ,AQKP5sTX
462,Недосекин Владислав Яковлевич,457,10а,4,Недосекин_ВЯ,e298OnfA
463,Максимкин Федор Фёдорович,172,10г,2,Максимкин_ФФ,CoFiOqa7
464,Матбиюшина Виктория Игоревна,237,8д,2,Матбиюшина_ВИ,dlN6x4Yy
465,Шишкунов Герасим Юрьевич,110,8т,4,Шишкунов_ГЮ,8sPlz8p4
466,Сухинин Георгий Алексиевич,475,10х,4,Сухинин_ГА,g3TpW3L9
467,Бисеева Полина Романовна,48,7д,5,Бисеева_ПР,iw4gGtNO
468,Жукулов Михаил Денисович,60,11г,3,Жукулов_МД,KYjRdT58
469,Тоняев Герасим Петрович,378,9т,5,Тоняев_ГП,SyBKhXaV
470,Шушенкова Алёна Олеговна,36,7и,2,Шушенкова_АО,jFNcVEru
471,Разроев Дмитрий Павлович,59,9а,2,Разроев_ДП,Tz9l7pfB
472,Баззаев Анатолий Данилович,339,9д,2,Баззаев_АД,7cnriVkz
473,Цекова Алла Олеговна,50,8д,2,Цекова_АО,3WGDgKJG
474,Аборонова Алиса Алексеевна,444,7г,5,Аборонова_АА,e4qWJftw
475,Ягловская Ева Олеговна,181,8в,4,Ягловская_ЕО,p9kFIlAn
476,Шароварова Яна Романовна,175,8а,4,Шароварова_ЯР,kZoa6PuR
477,Общев Яков Викторович,466,8а,4,Общев_ЯВ,hpjwmwup
478,Ойзерская Катерина Эдуардовна,120,7х,2,Ойзерская_КЭ,AmEOBhAB
479,Прусский Ярослав Иванович,479,11б,2,Прусский_ЯИ,Cvyu9qzd
480,Лабинов Павел Алексеевич,272,7б,5,Лабинов_ПА,w5RMKXKx
481,Покровов Эдуард Павлович,312,8б,2,Покровов_ЭП,u5amnhic
482,Мачехин Эдуард Данилович,19,7д,3,Мачехин_ЭД,Vd9QjxG8
483,Кодорская Раиса Ивановна,27,11б,3,Кодорская_РИ,DrbwE7Es
484,Кондраева Марина Ивановна,469,9д,3,Кондраева_МИ,ZtYlFx1E
485,Бульенков Валентин Иванович,136,10т,4,Бульенков_ВИ,yKxQbgOU
486,Тагакова Вероника Яковлевна,393,8т,4,Тагакова_ВЯ,xFOToaCu
487,Гершанова Любовь Евгеньевна,383,11т,5,Гершанова_ЛЕ,YcJz8ZM4
488,Салина Алена Егоровна,73,11в,5,Салина_АЕ,MsFJ6UUS
489,Фрумова Зинаида Аркадьевна,78,8а,4,Фрумова_ЗА,ZDAr0NxH
490,Хорняков Борис Борисович,13,8г,2,Хорняков_ББ,Gqvrugpr
491,Гдагазина Лиза Василевна,212,9т,5,Гдагазина_ЛВ,d7UPcCnc
492,Агаршев Ярослав Михаилович,276,9т,2,Агаршев_ЯМ,bDZh1o6V
493,Корюшин Пётр Антонович,326,8х,2,Корюшин_ПА,PubQsYQy
494,Калаев Пётр Алексиевич,68,8а,3,Калаев_ПА,bdnmYaLC
495,Ккаталкина Виолетта Егоровна,53,7б,2,Ккаталкина_ВЕ,Lo9FXp2Q
496,Рачнов Герасим Алексеевич,103,10а,5,Рачнов_ГА,czFBNyy7
497,Миндубаева Людмила Леонидовна,477,11и,2,Миндубаева_ЛЛ,iCqonxSi
498,Агафьева Вера Ивановна,352,11х,3,Агафьева_ВИ,WDJx95cw
499,Житин Эдуард Адамович,481,9а,5,Житин_ЭА,AvL62AAE
